Num,Type,Date,Distance,Time
1,Trail,13/07/2026,"10,08",01:36:42
2,Running,24/07/2026,"9,24",01:06:30
3,Running,31/07/2026,"11,3",01:19:22
4,Running,06/08/2025,"8,51",00:56:14
5,Running,07/09/2025,"5,85",00:39:51
6,Running,14/09/2025,"11,15",01:18:38
7,Running,21/09/2025,"11,13",01:09:39
8,Running,28/09/2025,"13,9",01:29:22
9,Running,05/10/2025,"10,51",01:04:21
10,Running,12/10/2025,"14,17",01:24:27
11,Running,26/10/2025,"12,28",01:13:21
12,Running,11/11/2025,"13,6",01:23:10
13,Running,16/11/2025,"12,01",01:11:59
14,Running,30/11/2025,"11,25",01:05:14
15,Running,14/12/2025,"15,32",01:30:24
16,Running,21/12/2025,"11,7",01:09:03
17,Running,26/12/2025,"8,7",00:48:49
18,Running,03/01/2026,"9,74",00:57:08
19,Running,11/01/2026,"12,4",01:12:42
20,Interval Training,24/01/2026,"9,42",01:00:36
21,Running,18/01/2026,"16,7",01:38:17
22,Running,08/02/2026,"14,52",01:28:58
23,Running,20/02/2026,"11,36",01:06:33
24,VMA,24/02/2026,6,00:35:43
25,Interval Training,26/02/2026,"7,1",00:43:09
26,Running,07/03/2026,"15,34",01:29:15
27,Running,12/03/2026,"7,29",00:41:21
28,Interval Training,15/03/2026,"9,11",00:54:21
29,Interval Training,19/03/2026,"10,26",01:03:39
30,Running,22/03/2026,"21,34",02:05:36
31,Race,29/03/2026,"9,97",00:53:47
32,Race,05/04/2026,"12,28",01:14:45
33,Running,10/04/2026,"8,71",00:49:35
34,Interval Training,13/04/2026,"7,21",00:45:51
35,Running,16/04/2026,"12,01",01:06:09
36,Running,19/04/2026,"6,06",00:39:40
37,Running,22/04/2026,"8,68",00:51:22
38,Race,26/04/2026,"21,34",02:07:46
39,Running,16/05/2026,"8,33",00:49:52
40,Easy Run,23/05/2026,"6,47",00:49:22
41,Easy Run,30/05/2026,"7,31",00:54:46
42,Running,06/06/2026,"15,2",01:24:13
43,Running,13/06/2026,"13,35",01:16:38
44,Easy Run,20/06/2026,"5,02",00:37:29
45,Running,27/06/2026,"15,35",01:34:12
46,Running,02/07/2026,"12,01",01:10:46
47,Easy Run,04/07/2026,"8,72",01:06:23
48,Easy Run,07/07/2026,"8,7",01:03:36
49,Interval Training,09/07/2026,"9,01",00:55:36
50,Running,12/07/2026,"14,35",01:26:05
51,Easy Run,14/07/2026,"5,38",00:38:34
52,Interval Training,16/07/2026,"10,25",01:04:11
53,Trail,19/07/2026,"7,86",00:54:23
54,Easy Run,21/07/2026,"6,08",00:41:37
55,Easy Run,23/07/2026,"5,41",00:38:12
56,Easy Run,28/07/2026,"5,35",00:38:33
57,Interval Training,30/07/2026,"6,81",00:43:25
58,Running,02/08/2026,"7,96",00:50:06
59,Easy Run,04/08/2026,"6,04",00:43:48
60,Interval Training,06/08/2026,"9,14",00:57:56
61,Running,09/08/2026,"7,95",00:47:10
62,Easy Run,11/08/2026,"6,06",00:43:38
63,Running,16/08/2026,"9,34",00:53:35
64,Easy Run,18/08/2026,"6,03",00:41:45
65,Interval Training,20/08/2026,"10,31",01:04:02
66,Running,23/08/2026,"7,96",00:47:11
67,Easy Run,26/08/2026,"5,32",00:36:28
68,Interval Training,04/09/2026,"6,32",00:35:32
69,Running,06/09/2026,"14,71",01:28:25
70,Running,12/09/2026,"12,93",01:21:09
71,Running,14/09/2026,"2,52",00:17:17
72,Interval Training,14/09/2026,"7,82",00:43:05
73,Easy Run,19/09/2026,"11,59",01:18:56
74,Interval Training,21/09/2026,"8,6",00:44:20
75,Trail,27/09/2026,"16,22",01:40:50
76,Easy Run,30/09/2026,"5,52",00:38:59
77,Race,04/10/2026,"9,92",00:50:22